<?xml version="1.0" encoding="UTF-8"?>
<mule xmlns:doc="http://www.mulesoft.org/schema/mule/documentation" xmlns="http://www.mulesoft.org/schema/mule/core" xmlns:apikit="http://www.mulesoft.org/schema/mule/apikit" xmlns:http="http://www.mulesoft.org/schema/mule/http" xmlns:spring="http://www.springframework.org/schema/beans" xmlns:xsi="http://www.w3.org/2001/XMLSchema-instance" xsi:schemaLocation="http://www.mulesoft.org/schema/mule/core http://www.mulesoft.org/schema/mule/core/current/mule.xsd
http://www.mulesoft.org/schema/mule/http http://www.mulesoft.org/schema/mule/http/current/mule-http.xsd
http://www.mulesoft.org/schema/mule/apikit http://www.mulesoft.org/schema/mule/apikit/current/mule-apikit.xsd
http://www.springframework.org/schema/beans http://www.springframework.org/schema/beans/spring-beans-3.1.xsd">
    <http:listener-config name="policy-data-api-httpListenerConfig" host="0.0.0.0" port="8081" doc:name="HTTP Listener Configuration"/>
    <apikit:config name="policy-data-api-config" raml="policy-data-api.raml" consoleEnabled="false" doc:name="Router"/>
    <flow name="policy-data-api-main">
        <http:listener config-ref="policy-data-api-httpListenerConfig" path="/api/*" doc:name="HTTP"/>
        <apikit:router config-ref="policy-data-api-config" doc:name="APIkit Router"/>
        <exception-strategy ref="policy-data-api-apiKitGlobalExceptionMapping" doc:name="Reference Exception Strategy"/>
    </flow>
    <flow name="policy-data-api-console">
        <http:listener config-ref="policy-data-api-httpListenerConfig" path="/console/*" doc:name="HTTP"/>
        <apikit:console config-ref="policy-data-api-config" doc:name="APIkit Console"/>
    </flow>
    <flow name="put:/policy/{id}:application/json:policy-data-api-config">
        <set-payload value="#[NullPayload.getInstance()]" doc:name="Set Payload"/>
    </flow>
    <flow name="delete:/policy/{id}:policy-data-api-config">
        <set-payload value="#[NullPayload.getInstance()]" doc:name="Set Payload"/>
    </flow>
    <flow name="get:/policy:policy-data-api-config">
        <set-payload value="#[NullPayload.getInstance()]" doc:name="Set Payload"/>
    </flow>
    <flow name="get:/policy/{id}:policy-data-api-config">
        <set-payload value="#[NullPayload.getInstance()]" doc:name="Set Payload"/>
    </flow>
    <flow name="post:/policy:application/json:policy-data-api-config">
        <set-property propertyName="Content-Type" value="application/json" doc:name="Property"/>
        <set-payload value="#[NullPayload.getInstance()]" doc:name="Set Payload"/>
    </flow>
    <apikit:mapping-exception-strategy name="policy-data-api-apiKitGlobalExceptionMapping">
        <apikit:mapping statusCode="404">
            <apikit:exception value="org.mule.module.apikit.exception.NotFoundException" />
            <set-property propertyName="Content-Type" value="application/json" doc:name="Property"/>
            <set-payload value="{ &quot;message&quot;: &quot;Resource not found&quot; }" doc:name="Set Payload"/>
        </apikit:mapping>
        <apikit:mapping statusCode="405">
            <apikit:exception value="org.mule.module.apikit.exception.MethodNotAllowedException" />
            <set-property propertyName="Content-Type" value="application/json" doc:name="Property"/>
            <set-payload value="{ &quot;message&quot;: &quot;Method not allowed&quot; }" doc:name="Set Payload"/>
        </apikit:mapping>
        <apikit:mapping statusCode="415">
            <apikit:exception value="org.mule.module.apikit.exception.UnsupportedMediaTypeException" />
            <set-property propertyName="Content-Type" value="application/json" doc:name="Property"/>
            <set-payload value="{ &quot;message&quot;: &quot;Unsupported media type&quot; }" doc:name="Set Payload"/>
        </apikit:mapping>
        <apikit:mapping statusCode="406">
            <apikit:exception value="org.mule.module.apikit.exception.NotAcceptableException" />
            <set-property propertyName="Content-Type" value="application/json" doc:name="Property"/>
            <set-payload value="{ &quot;message&quot;: &quot;Not acceptable&quot; }" doc:name="Set Payload"/>
        </apikit:mapping>
        <apikit:mapping statusCode="400">
            <apikit:exception value="org.mule.module.apikit.exception.BadRequestException" />
            <set-property propertyName="Content-Type" value="application/json" doc:name="Property"/>
            <set-payload value="{ &quot;message&quot;: &quot;Bad request&quot; }" doc:name="Set Payload"/>
        </apikit:mapping>
    </apikit:mapping-exception-strategy>
</mule>
